index,hit_symbol,hit_id,input_id,input_symbol,functional_sim_score,functional_sim_rank,phenotype_sim_score,phenotype_sim_rank,protein_interaction,protein_interaction_rank
0,AP5S1,HGNC:15875,"['HGNC:3583', 'HGNC:3587']","['FANCB', 'FANCF']",2.0,"[106.0, 106.0]",,"[nan, nan]",,
1,AP5Z1,HGNC:22197,"['HGNC:3587', 'HGNC:3583']","['FANCF', 'FANCB']",2.0,"[106.0, 106.0]",,"[nan, nan]",,
2,ASTE1,HGNC:25021,"['HGNC:3586', 'HGNC:3587', 'HGNC:3583']","['FANCE', 'FANCF', 'FANCB']",3.0,"[28.0, 13.0, 13.0]",,"[nan, nan, nan]",,
3,ATR,HGNC:882,"['HGNC:12829', 'HGNC:20473', 'HGNC:20748', 'HGNC:23168', 'HGNC:23845', 'HGNC:25009', 'HGNC:3436', 'HGNC:3583', 'HGNC:3584', 'HGNC:3586', 'HGNC:3587', 'HGNC:3588', 'HGNC:9820']","['XRCC2', 'BRIP1', 'FANCL', 'FANCM', 'SLX4', 'UBE2T', 'ERCC4', 'FANCB', 'FANCC', 'FANCE', 'FANCF', 'FANCG', 'RAD51C']",,"[nan, nan, nan, nan, nan, nan, nan, nan, nan, nan, nan, nan, nan]",,"[nan, nan, nan, nan, nan, nan, nan, nan, nan, nan, nan, nan, nan]",13.0,23.0
4,ATRIP,HGNC:33499,"['HGNC:12829', 'HGNC:20473', 'HGNC:20748', 'HGNC:25009', 'HGNC:3436', 'HGNC:3583', 'HGNC:3584', 'HGNC:3586', 'HGNC:3587', 'HGNC:3588', 'HGNC:9820']","['XRCC2', 'BRIP1', 'FANCL', 'UBE2T', 'ERCC4', 'FANCB', 'FANCC', 'FANCE', 'FANCF', 'FANCG', 'RAD51C']",,"[nan, nan, nan, nan, nan, nan, nan, nan, nan, nan, nan]",,"[nan, nan, nan, nan, nan, nan, nan, nan, nan, nan, nan]",11.0,41.0
5,B3GLCT,HGNC:20207,"['HGNC:12829', 'HGNC:3587', 'HGNC:9817', 'HGNC:20748', 'HGNC:25568', 'HGNC:3583']","['XRCC2', 'FANCF', 'RAD51', 'FANCL', 'FANCI', 'FANCB']",,"[nan, nan, nan, nan, nan, nan]",6.0,"[593.0, 614.0, 577.0, 558.0, 499.0, 535.0]",,
6,BARD1,HGNC:952,"['HGNC:1101', 'HGNC:12829', 'HGNC:20473', 'HGNC:20748', 'HGNC:23845', 'HGNC:26144', 'HGNC:3582', 'HGNC:3584', 'HGNC:3586', 'HGNC:3587', 'HGNC:3588', 'HGNC:9817', 'HGNC:9820']","['BRCA2', 'XRCC2', 'BRIP1', 'FANCL', 'SLX4', 'PALB2', 'FANCA', 'FANCC', 'FANCE', 'FANCF', 'FANCG', 'RAD51', 'RAD51C']",,"[nan, nan, nan, nan, nan, nan, nan, nan, nan, nan, nan, nan, nan]",,"[nan, nan, nan, nan, nan, nan, nan, nan, nan, nan, nan, nan, nan]",13.0,23.0
7,BLM,HGNC:1058,"['HGNC:1100', 'HGNC:1101', 'HGNC:12829', 'HGNC:20473', 'HGNC:20748', 'HGNC:23168', 'HGNC:23845', 'HGNC:25009', 'HGNC:25568', 'HGNC:3583', 'HGNC:3584', 'HGNC:3585', 'HGNC:3586', 'HGNC:3587', 'HGNC:3588', 'HGNC:7532', 'HGNC:9817']","['BRCA1', 'BRCA2', 'XRCC2', 'BRIP1', 'FANCL', 'FANCM', 'SLX4', 'UBE2T', 'FANCI', 'FANCB', 'FANCC', 'FANCD2', 'FANCE', 'FANCF', 'FANCG', 'MX1', 'RAD51']",,"[nan, nan, nan, nan, nan, nan, nan, nan, nan, nan, nan, nan, nan, nan, nan, nan, nan]",,"[nan, nan, nan, nan, nan, nan, nan, nan, nan, nan, nan, nan, nan, nan, nan, nan, nan]",17.0,5.0
8,BOD1L1,HGNC:31792,"['HGNC:3586', 'HGNC:3587', 'HGNC:3583']","['FANCE', 'FANCF', 'FANCB']",3.0,"[78.0, 95.0, 95.0]",,"[nan, nan, nan]",,
9,BRCA1,HGNC:1100,"['HGNC:1101', 'HGNC:3584', 'HGNC:3586', 'HGNC:3585', 'HGNC:9820', 'HGNC:3588', 'HGNC:20748', 'HGNC:12829', 'HGNC:23168', 'HGNC:23845', 'HGNC:26144', 'HGNC:3582', 'HGNC:25539', 'HGNC:3583', 'HGNC:25568', 'HGNC:6764', 'HGNC:9817', 'HGNC:25009', 'HGNC:3587', 'HGNC:20473', 'HGNC:3436']","['BRCA2', 'FANCC', 'FANCE', 'FANCD2', 'RAD51C', 'FANCG', 'FANCL', 'XRCC2', 'FANCM', 'SLX4', 'PALB2', 'FANCA', 'RFWD3', 'FANCB', 'FANCI', 'MAD2L2', 'RAD51', 'UBE2T', 'FANCF', 'BRIP1', 'ERCC4']",,"[nan, nan, nan, nan, nan, nan, nan, nan, nan, nan, nan, nan, nan, nan, nan, nan, nan, nan, nan, nan, nan]",21.0,"[405.0, 235.0, 235.0, 235.0, 369.0, 383.0, 407.0, 409.0, 411.0, 381.0, 403.0, 235.0, 415.0, 417.0, 419.0, 395.0, 397.0, 377.0, 399.0, 355.0, 459.0]",18.0,4.0
10,BRCA2,HGNC:1101,"['HGNC:25568', 'HGNC:3586', 'HGNC:3588', 'HGNC:23168', 'HGNC:3436', 'HGNC:23845', 'HGNC:9820', 'HGNC:25009', 'HGNC:9817', 'HGNC:3587', 'HGNC:20748', 'HGNC:12829', 'HGNC:6764', 'HGNC:3584', 'HGNC:3582', 'HGNC:3585', 'HGNC:25539', 'HGNC:1100', 'HGNC:3583', 'HGNC:26144', 'HGNC:20473']","['FANCI', 'FANCE', 'FANCG', 'FANCM', 'ERCC4', 'SLX4', 'RAD51C', 'UBE2T', 'RAD51', 'FANCF', 'FANCL', 'XRCC2', 'MAD2L2', 'FANCC', 'FANCA', 'FANCD2', 'RFWD3', 'BRCA1', 'FANCB', 'PALB2', 'BRIP1']",,"[nan, nan, nan, nan, nan, nan, nan, nan, nan, nan, nan, nan, nan, nan, nan, nan, nan, nan, nan, nan, nan]",21.0,"[401.0, 385.0, 359.0, 367.0, 461.0, 361.0, 301.0, 321.0, 325.0, 327.0, 373.0, 357.0, 363.0, 385.0, 385.0, 385.0, 371.0, 405.0, 413.0, 175.0, 229.0]",14.0,18.0
11,BRIP1,HGNC:20473,"['HGNC:25539', 'HGNC:25568', 'HGNC:3588', 'HGNC:3586', 'HGNC:3584', 'HGNC:3436', 'HGNC:23168', 'HGNC:25009', 'HGNC:3583', 'HGNC:9817', 'HGNC:3585', 'HGNC:3587', 'HGNC:20748', 'HGNC:23845', 'HGNC:26144', 'HGNC:9820', 'HGNC:1100', 'HGNC:6764', 'HGNC:12829', 'HGNC:1101', 'HGNC:3582']","['RFWD3', 'FANCI', 'FANCG', 'FANCE', 'FANCC', 'ERCC4', 'FANCM', 'UBE2T', 'FANCB', 'RAD51', 'FANCD2', 'FANCF', 'FANCL', 'SLX4', 'PALB2', 'RAD51C', 'BRCA1', 'MAD2L2', 'XRCC2', 'BRCA2', 'FANCA']",,"[nan, nan, nan, nan, nan, nan, nan, nan, nan, nan, nan, nan, nan, nan, nan, nan, nan, nan, nan, nan, nan]",21.0,"[187.0, 279.0, 77.0, 179.0, 179.0, 441.0, 133.0, 43.0, 315.0, 45.0, 179.0, 47.0, 109.0, 87.0, 107.0, 105.0, 355.0, 71.0, 93.0, 229.0, 179.0]",8.0,59.0
12,BUB1B,HGNC:1149,"['HGNC:20748', 'HGNC:25539']","['FANCL', 'RFWD3']",,"[nan, nan]",2.0,"[544.0, 605.0]",,
13,CDK2AP1,HGNC:14002,['HGNC:25568'],['FANCI'],1.0,[117.0],,[nan],,
14,CENPS,HGNC:23163,"['HGNC:23168', 'HGNC:20748', 'HGNC:23845', 'HGNC:25568', 'HGNC:3436', 'HGNC:3583', 'HGNC:3584', 'HGNC:3586', 'HGNC:3587', 'HGNC:3588']","['FANCM', 'FANCL', 'SLX4', 'FANCI', 'ERCC4', 'FANCB', 'FANCC', 'FANCE', 'FANCF', 'FANCG']",1.0,"[71.0, nan, nan, nan, nan, nan, nan, nan, nan, nan]",,"[nan, nan, nan, nan, nan, nan, nan, nan, nan, nan]",10.0,51.0
15,CENPS-CORT,HGNC:38843,"['HGNC:20748', 'HGNC:23168', 'HGNC:23845', 'HGNC:25009', 'HGNC:25568', 'HGNC:3436', 'HGNC:3582', 'HGNC:3583', 'HGNC:3584', 'HGNC:3585', 'HGNC:3586', 'HGNC:3587']","['FANCL', 'FANCM', 'SLX4', 'UBE2T', 'FANCI', 'ERCC4', 'FANCA', 'FANCB', 'FANCC', 'FANCD2', 'FANCE', 'FANCF']",,"[nan, nan, nan, nan, nan, nan, nan, nan, nan, nan, nan, nan]",,"[nan, nan, nan, nan, nan, nan, nan, nan, nan, nan, nan, nan]",12.0,35.0
16,CENPX,HGNC:11422,"['HGNC:23168', 'HGNC:20748', 'HGNC:23845', 'HGNC:3436', 'HGNC:3582', 'HGNC:3583', 'HGNC:3584', 'HGNC:3585', 'HGNC:3586', 'HGNC:3587', 'HGNC:3588']","['FANCM', 'FANCL', 'SLX4', 'ERCC4', 'FANCA', 'FANCB', 'FANCC', 'FANCD2', 'FANCE', 'FANCF', 'FANCG']",1.0,"[69.0, nan, nan, nan, nan, nan, nan, nan, nan, nan, nan]",,"[nan, nan, nan, nan, nan, nan, nan, nan, nan, nan, nan]",11.0,41.0
17,CEP57,HGNC:30794,"['HGNC:25539', 'HGNC:12829', 'HGNC:1101', 'HGNC:25568', 'HGNC:20748']","['RFWD3', 'XRCC2', 'BRCA2', 'FANCI', 'FANCL']",,"[nan, nan, nan, nan, nan]",5.0,"[523.0, 604.0, 599.0, 549.0, 564.0]",,
18,CHD7,HGNC:20626,"['HGNC:23845', 'HGNC:25568', 'HGNC:20473', 'HGNC:3583', 'HGNC:9817', 'HGNC:25539', 'HGNC:6764', 'HGNC:20748', 'HGNC:3588', 'HGNC:12829', 'HGNC:9820', 'HGNC:3436', 'HGNC:25009', 'HGNC:23168', 'HGNC:3585', 'HGNC:3582', 'HGNC:3584', 'HGNC:1100', 'HGNC:3586']","['SLX4', 'FANCI', 'BRIP1', 'FANCB', 'RAD51', 'RFWD3', 'MAD2L2', 'FANCL', 'FANCG', 'XRCC2', 'RAD51C', 'ERCC4', 'UBE2T', 'FANCM', 'FANCD2', 'FANCA', 'FANCC', 'BRCA1', 'FANCE']",,"[nan, nan, nan, nan, nan, nan, nan, nan, nan, nan, nan, nan, nan, nan, nan, nan, nan, nan, nan]",19.0,"[625.0, 495.0, 595.0, 497.0, 615.0, 512.0, 616.0, 521.0, 623.0, 571.0, 569.0, 516.0, 563.0, 567.0, 552.0, 552.0, 552.0, 566.0, 552.0]",,
19,CHEK1,HGNC:1925,"['HGNC:1101', 'HGNC:20473', 'HGNC:20748', 'HGNC:23168', 'HGNC:25009', 'HGNC:3583', 'HGNC:3584', 'HGNC:3585', 'HGNC:3586', 'HGNC:3587', 'HGNC:3588']","['BRCA2', 'BRIP1', 'FANCL', 'FANCM', 'UBE2T', 'FANCB', 'FANCC', 'FANCD2', 'FANCE', 'FANCF', 'FANCG']",,"[nan, nan, nan, nan, nan, nan, nan, nan, nan, nan, nan]",,"[nan, nan, nan, nan, nan, nan, nan, nan, nan, nan, nan]",11.0,41.0
20,CINP,HGNC:23789,"['HGNC:3583', 'HGNC:3586', 'HGNC:3587']","['FANCB', 'FANCE', 'FANCF']",3.0,"[57.0, 91.0, 57.0]",,"[nan, nan, nan]",,
21,DACT1,HGNC:17748,"['HGNC:3583', 'HGNC:3585', 'HGNC:6764', 'HGNC:9820', 'HGNC:20748', 'HGNC:3582', 'HGNC:3586', 'HGNC:25568', 'HGNC:3588', 'HGNC:3584', 'HGNC:25539', 'HGNC:20473', 'HGNC:3587', 'HGNC:12829', 'HGNC:23168', 'HGNC:9817', 'HGNC:25009', 'HGNC:23845']","['FANCB', 'FANCD2', 'MAD2L2', 'RAD51C', 'FANCL', 'FANCA', 'FANCE', 'FANCI', 'FANCG', 'FANCC', 'RFWD3', 'BRIP1', 'FANCF', 'XRCC2', 'FANCM', 'RAD51', 'UBE2T', 'SLX4']",,"[nan, nan, nan, nan, nan, nan, nan, nan, nan, nan, nan, nan, nan, nan, nan, nan, nan, nan]",18.0,"[568.0, 609.0, 547.0, 598.0, 494.0, 609.0, 609.0, 508.0, 533.0, 609.0, 512.0, 579.0, 518.0, 520.0, 537.0, 529.0, 502.0, 543.0]",,
22,DCLRE1A,HGNC:17660,"['HGNC:3587', 'HGNC:3583', 'HGNC:3586', 'HGNC:20748', 'HGNC:23168', 'HGNC:23845', 'HGNC:25009', 'HGNC:25568', 'HGNC:3584', 'HGNC:3588']","['FANCF', 'FANCB', 'FANCE', 'FANCL', 'FANCM', 'SLX4', 'UBE2T', 'FANCI', 'FANCC', 'FANCG']",3.0,"[83.0, 83.0, 65.0, nan, nan, nan, nan, nan, nan, nan]",,"[nan, nan, nan, nan, nan, nan, nan, nan, nan, nan]",10.0,51.0
23,DCLRE1B,HGNC:17641,"['HGNC:20748', 'HGNC:23168', 'HGNC:23845', 'HGNC:25009', 'HGNC:3436', 'HGNC:3582', 'HGNC:3583', 'HGNC:3584', 'HGNC:3585', 'HGNC:3586', 'HGNC:3587']","['FANCL', 'FANCM', 'SLX4', 'UBE2T', 'ERCC4', 'FANCA', 'FANCB', 'FANCC', 'FANCD2', 'FANCE', 'FANCF']",,"[nan, nan, nan, nan, nan, nan, nan, nan, nan, nan, nan]",,"[nan, nan, nan, nan, nan, nan, nan, nan, nan, nan, nan]",11.0,41.0
24,DCUN1D1,HGNC:18184,['HGNC:25568'],['FANCI'],1.0,[70.0],,[nan],,
25,DHCR7,HGNC:2860,"['HGNC:9817', 'HGNC:25568', 'HGNC:23168', 'HGNC:6764', 'HGNC:3588', 'HGNC:1100', 'HGNC:20748', 'HGNC:3584', 'HGNC:3585', 'HGNC:3582', 'HGNC:3586', 'HGNC:12829', 'HGNC:25539', 'HGNC:26144', 'HGNC:3583', 'HGNC:23845', 'HGNC:9820', 'HGNC:20473', 'HGNC:25009', 'HGNC:3587']","['RAD51', 'FANCI', 'FANCM', 'MAD2L2', 'FANCG', 'BRCA1', 'FANCL', 'FANCC', 'FANCD2', 'FANCA', 'FANCE', 'XRCC2', 'RFWD3', 'PALB2', 'FANCB', 'SLX4', 'RAD51C', 'BRIP1', 'UBE2T', 'FANCF']",,"[nan, nan, nan, nan, nan, nan, nan, nan, nan, nan, nan, nan, nan, nan, nan, nan, nan, nan, nan, nan]",20.0,"[551.0, 512.0, 608.0, 603.0, 596.0, 590.0, 505.0, 582.0, 582.0, 582.0, 582.0, 575.0, 589.0, 572.0, 557.0, 548.0, 546.0, 540.0, 512.0, 573.0]",,
26,DNA2,HGNC:2939,"['HGNC:1101', 'HGNC:12829', 'HGNC:20473', 'HGNC:23168', 'HGNC:23845', 'HGNC:26144', 'HGNC:3436', 'HGNC:3585', 'HGNC:9817', 'HGNC:9820']","['BRCA2', 'XRCC2', 'BRIP1', 'FANCM', 'SLX4', 'PALB2', 'ERCC4', 'FANCD2', 'RAD51', 'RAD51C']",,"[nan, nan, nan, nan, nan, nan, nan, nan, nan, nan]",,"[nan, nan, nan, nan, nan, nan, nan, nan, nan, nan]",10.0,51.0
27,EEPD1,HGNC:22223,"['HGNC:3586', 'HGNC:3587', 'HGNC:3583']","['FANCE', 'FANCF', 'FANCB']",3.0,"[19.0, 15.0, 15.0]",,"[nan, nan, nan]",,
28,EID3,HGNC:32961,"['HGNC:3586', 'HGNC:3587', 'HGNC:3583']","['FANCE', 'FANCF', 'FANCB']",3.0,"[60.0, 41.0, 41.0]",,"[nan, nan, nan]",,
29,EME1,HGNC:24965,"['HGNC:3586', 'HGNC:3587', 'HGNC:3583', 'HGNC:12829', 'HGNC:20473', 'HGNC:20748', 'HGNC:23168', 'HGNC:23845', 'HGNC:25009', 'HGNC:3436', 'HGNC:3582', 'HGNC:3584', 'HGNC:3585', 'HGNC:3588', 'HGNC:9820']","['FANCE', 'FANCF', 'FANCB', 'XRCC2', 'BRIP1', 'FANCL', 'FANCM', 'SLX4', 'UBE2T', 'ERCC4', 'FANCA', 'FANCC', 'FANCD2', 'FANCG', 'RAD51C']",3.0,"[92.0, 60.0, 60.0, nan, nan, nan, nan, nan, nan, nan, nan, nan, nan, nan, nan]",,"[nan, nan, nan, nan, nan, nan, nan, nan, nan, nan, nan, nan, nan, nan, nan]",15.0,10.0
30,EME2,HGNC:27289,"['HGNC:3587', 'HGNC:3583', 'HGNC:1101', 'HGNC:12829', 'HGNC:20473', 'HGNC:20748', 'HGNC:23845', 'HGNC:25009', 'HGNC:26144', 'HGNC:3436', 'HGNC:3582', 'HGNC:3584', 'HGNC:3585', 'HGNC:3586', 'HGNC:3588', 'HGNC:9820']","['FANCF', 'FANCB', 'BRCA2', 'XRCC2', 'BRIP1', 'FANCL', 'SLX4', 'UBE2T', 'PALB2', 'ERCC4', 'FANCA', 'FANCC', 'FANCD2', 'FANCE', 'FANCG', 'RAD51C']",2.0,"[113.0, 113.0, nan, nan, nan, nan, nan, nan, nan, nan, nan, nan, nan, nan, nan, nan]",,"[nan, nan, nan, nan, nan, nan, nan, nan, nan, nan, nan, nan, nan, nan, nan, nan]",16.0,7.0
31,ERCC1,HGNC:3433,"['HGNC:3436', 'HGNC:20473', 'HGNC:20748', 'HGNC:23845', 'HGNC:25009', 'HGNC:3583', 'HGNC:3584', 'HGNC:3585', 'HGNC:3586', 'HGNC:3587', 'HGNC:3588']","['ERCC4', 'BRIP1', 'FANCL', 'SLX4', 'UBE2T', 'FANCB', 'FANCC', 'FANCD2', 'FANCE', 'FANCF', 'FANCG']",,"[nan, nan, nan, nan, nan, nan, nan, nan, nan, nan, nan]",1.0,"[464.0, nan, nan, nan, nan, nan, nan, nan, nan, nan, nan]",10.0,51.0
32,ERCC2,HGNC:3434,['HGNC:3436'],['ERCC4'],,[nan],1.0,[467.0],,
33,ERCC3,HGNC:3435,['HGNC:3436'],['ERCC4'],,[nan],1.0,[470.0],,
34,ERCC4,HGNC:3436,"['HGNC:20748', 'HGNC:3587', 'HGNC:23845', 'HGNC:3582', 'HGNC:12829', 'HGNC:3585', 'HGNC:25568', 'HGNC:1100', 'HGNC:1101', 'HGNC:3584', 'HGNC:3586', 'HGNC:9820', 'HGNC:20473', 'HGNC:25539', 'HGNC:25009', 'HGNC:3588', 'HGNC:23168', 'HGNC:9817', 'HGNC:6764', 'HGNC:26144', 'HGNC:3583']","['FANCL', 'FANCF', 'SLX4', 'FANCA', 'XRCC2', 'FANCD2', 'FANCI', 'BRCA1', 'BRCA2', 'FANCC', 'FANCE', 'RAD51C', 'BRIP1', 'RFWD3', 'UBE2T', 'FANCG', 'FANCM', 'RAD51', 'MAD2L2', 'PALB2', 'FANCB']",,"[nan, nan, nan, nan, nan, nan, nan, nan, nan, nan, nan, nan, nan, nan, nan, nan, nan, nan, nan, nan, nan]",21.0,"[421.0, 423.0, 425.0, 445.0, 429.0, 445.0, 457.0, 459.0, 461.0, 445.0, 445.0, 443.0, 441.0, 439.0, 427.0, 437.0, 435.0, 433.0, 431.0, 455.0, 453.0]",11.0,41.0
35,ERCC5,HGNC:3437,['HGNC:3436'],['ERCC4'],,[nan],1.0,[466.0],,
36,ERCC8,HGNC:3439,['HGNC:3436'],['ERCC4'],,[nan],1.0,[465.0],,
37,ESCO2,HGNC:27230,"['HGNC:23168', 'HGNC:12829', 'HGNC:20748', 'HGNC:3588', 'HGNC:6764', 'HGNC:26144', 'HGNC:3585', 'HGNC:3584', 'HGNC:3586', 'HGNC:3582', 'HGNC:23845', 'HGNC:9820', 'HGNC:3583', 'HGNC:25568', 'HGNC:9817', 'HGNC:20473', 'HGNC:3587', 'HGNC:1100', 'HGNC:25539', 'HGNC:25009']","['FANCM', 'XRCC2', 'FANCL', 'FANCG', 'MAD2L2', 'PALB2', 'FANCD2', 'FANCC', 'FANCE', 'FANCA', 'SLX4', 'RAD51C', 'FANCB', 'FANCI', 'RAD51', 'BRIP1', 'FANCF', 'BRCA1', 'RFWD3', 'UBE2T']",,"[nan, nan, nan, nan, nan, nan, nan, nan, nan, nan, nan, nan, nan, nan, nan, nan, nan, nan, nan, nan]",20.0,"[562.0, 539.0, 501.0, 532.0, 545.0, 550.0, 490.0, 490.0, 490.0, 490.0, 489.0, 534.0, 538.0, 570.0, 530.0, 509.0, 519.0, 511.0, 517.0, 488.0]",,
38,FAAP100,HGNC:26171,"['HGNC:3583', 'HGNC:3587', 'HGNC:3586', 'HGNC:20473', 'HGNC:20748', 'HGNC:23168', 'HGNC:23845', 'HGNC:25009', 'HGNC:26144', 'HGNC:3436', 'HGNC:3582', 'HGNC:3584', 'HGNC:3585', 'HGNC:3588', 'HGNC:9820']","['FANCB', 'FANCF', 'FANCE', 'BRIP1', 'FANCL', 'FANCM', 'SLX4', 'UBE2T', 'PALB2', 'ERCC4', 'FANCA', 'FANCC', 'FANCD2', 'FANCG', 'RAD51C']",3.0,"[7.0, 7.0, 15.0, nan, nan, nan, nan, nan, nan, nan, nan, nan, nan, nan, nan]",,"[nan, nan, nan, nan, nan, nan, nan, nan, nan, nan, nan, nan, nan, nan, nan]",15.0,10.0
39,FAAP24,HGNC:28467,"['HGNC:3583', 'HGNC:3586', 'HGNC:3587', 'HGNC:1100', 'HGNC:1101', 'HGNC:20748', 'HGNC:23168', 'HGNC:23845', 'HGNC:25568', 'HGNC:3436', 'HGNC:3584', 'HGNC:3588', 'HGNC:9820']","['FANCB', 'FANCE', 'FANCF', 'BRCA1', 'BRCA2', 'FANCL', 'FANCM', 'SLX4', 'FANCI', 'ERCC4', 'FANCC', 'FANCG', 'RAD51C']",3.0,"[11.0, 21.0, 11.0, nan, nan, nan, nan, nan, nan, nan, nan, nan, nan]",,"[nan, nan, nan, nan, nan, nan, nan, nan, nan, nan, nan, nan, nan]",13.0,23.0
40,FAN1,HGNC:29170,"['HGNC:20748', 'HGNC:23168', 'HGNC:23845', 'HGNC:25009', 'HGNC:3582', 'HGNC:3583', 'HGNC:3584', 'HGNC:3586', 'HGNC:3587', 'HGNC:3588']","['FANCL', 'FANCM', 'SLX4', 'UBE2T', 'FANCA', 'FANCB', 'FANCC', 'FANCE', 'FANCF', 'FANCG']",,"[nan, nan, nan, nan, nan, nan, nan, nan, nan, nan]",,"[nan, nan, nan, nan, nan, nan, nan, nan, nan, nan]",10.0,51.0
41,FANCA,HGNC:3582,"['HGNC:20748', 'HGNC:12829', 'HGNC:23845', 'HGNC:25539', 'HGNC:6764', 'HGNC:23168', 'HGNC:26144', 'HGNC:1100', 'HGNC:3587', 'HGNC:3585', 'HGNC:20473', 'HGNC:9820', 'HGNC:25568', 'HGNC:3588', 'HGNC:9817', 'HGNC:3586', 'HGNC:1101', 'HGNC:3583', 'HGNC:3584', 'HGNC:3436', 'HGNC:25009', 'HGNC:7532']","['FANCL', 'XRCC2', 'SLX4', 'RFWD3', 'MAD2L2', 'FANCM', 'PALB2', 'BRCA1', 'FANCF', 'FANCD2', 'BRIP1', 'RAD51C', 'FANCI', 'FANCG', 'RAD51', 'FANCE', 'BRCA2', 'FANCB', 'FANCC', 'ERCC4', 'UBE2T', 'MX1']",1.0,"[nan, nan, nan, nan, nan, nan, nan, nan, nan, 38.0, nan, nan, nan, nan, nan, nan, nan, nan, nan, nan, nan, nan]",21.0,"[207.0, 215.0, 153.0, 283.0, 139.0, 251.0, 329.0, 235.0, 165.0, 1.0, 179.0, 293.0, 337.0, 121.0, 189.0, 1.0, 385.0, 345.0, 1.0, 445.0, 95.0, nan]",14.0,18.0
42,FANCB,HGNC:3583,"['HGNC:23845', 'HGNC:1100', 'HGNC:1101', 'HGNC:3586', 'HGNC:9817', 'HGNC:6764', 'HGNC:3587', 'HGNC:20748', 'HGNC:26144', 'HGNC:25568', 'HGNC:3588', 'HGNC:25539', 'HGNC:12829', 'HGNC:20473', 'HGNC:3585', 'HGNC:3436', 'HGNC:9820', 'HGNC:25009', 'HGNC:3584', 'HGNC:3582', 'HGNC:23168']","['SLX4', 'BRCA1', 'BRCA2', 'FANCE', 'RAD51', 'MAD2L2', 'FANCF', 'FANCL', 'PALB2', 'FANCI', 'FANCG', 'RFWD3', 'XRCC2', 'BRIP1', 'FANCD2', 'ERCC4', 'RAD51C', 'UBE2T', 'FANCC', 'FANCA', 'FANCM']",2.0,"[nan, nan, nan, 3.0, nan, nan, 1.0, nan, nan, nan, nan, nan, nan, nan, nan, nan, nan, nan, nan, nan, nan]",21.0,"[269.0, 417.0, 413.0, 345.0, 233.0, 275.0, 231.0, 223.0, 393.0, 379.0, 245.0, 311.0, 265.0, 315.0, 345.0, 453.0, 323.0, 261.0, 345.0, 345.0, 303.0]",12.0,35.0
43,FANCC,HGNC:3584,"['HGNC:23845', 'HGNC:9817', 'HGNC:3587', 'HGNC:1101', 'HGNC:20748', 'HGNC:3436', 'HGNC:20473', 'HGNC:12829', 'HGNC:1100', 'HGNC:23168', 'HGNC:25568', 'HGNC:3586', 'HGNC:3585', 'HGNC:25009', 'HGNC:6764', 'HGNC:9820', 'HGNC:25539', 'HGNC:3588', 'HGNC:3582', 'HGNC:26144', 'HGNC:3583']","['SLX4', 'RAD51', 'FANCF', 'BRCA2', 'FANCL', 'ERCC4', 'BRIP1', 'XRCC2', 'BRCA1', 'FANCM', 'FANCI', 'FANCE', 'FANCD2', 'UBE2T', 'MAD2L2', 'RAD51C', 'RFWD3', 'FANCG', 'FANCA', 'PALB2', 'FANCB']",,"[nan, nan, nan, nan, nan, nan, nan, nan, nan, nan, nan, nan, nan, nan, nan, nan, nan, nan, nan, nan, nan]",21.0,"[153.0, 189.0, 165.0, 385.0, 207.0, 445.0, 179.0, 215.0, 235.0, 251.0, 337.0, 1.0, 1.0, 95.0, 139.0, 293.0, 283.0, 121.0, 1.0, 329.0, 345.0]",10.0,51.0
44,FANCD2,HGNC:3585,"['HGNC:3588', 'HGNC:3436', 'HGNC:23168', 'HGNC:25009', 'HGNC:3583', 'HGNC:25568', 'HGNC:20748', 'HGNC:9817', 'HGNC:20473', 'HGNC:26144', 'HGNC:3586', 'HGNC:1101', 'HGNC:9820', 'HGNC:23845', 'HGNC:3587', 'HGNC:3582', 'HGNC:3584', 'HGNC:1100', 'HGNC:12829', 'HGNC:25539', 'HGNC:6764']","['FANCG', 'ERCC4', 'FANCM', 'UBE2T', 'FANCB', 'FANCI', 'FANCL', 'RAD51', 'BRIP1', 'PALB2', 'FANCE', 'BRCA2', 'RAD51C', 'SLX4', 'FANCF', 'FANCA', 'FANCC', 'BRCA1', 'XRCC2', 'RFWD3', 'MAD2L2']",1.0,"[nan, nan, nan, nan, nan, nan, nan, nan, nan, nan, nan, nan, nan, nan, nan, 38.0, nan, nan, nan, nan, nan]",21.0,"[121.0, 445.0, 251.0, 95.0, 345.0, 337.0, 207.0, 189.0, 179.0, 329.0, 1.0, 385.0, 293.0, 153.0, 165.0, 1.0, 1.0, 235.0, 215.0, 283.0, 139.0]",13.0,23.0
45,FANCE,HGNC:3586,"['HGNC:12829', 'HGNC:20748', 'HGNC:25568', 'HGNC:26144', 'HGNC:3436', 'HGNC:25539', 'HGNC:1101', 'HGNC:1100', 'HGNC:9820', 'HGNC:23168', 'HGNC:3582', 'HGNC:25009', 'HGNC:20473', 'HGNC:9817', 'HGNC:3588', 'HGNC:3583', 'HGNC:6764', 'HGNC:3585', 'HGNC:23845', 'HGNC:3584', 'HGNC:3587']","['XRCC2', 'FANCL', 'FANCI', 'PALB2', 'ERCC4', 'RFWD3', 'BRCA2', 'BRCA1', 'RAD51C', 'FANCM', 'FANCA', 'UBE2T', 'BRIP1', 'RAD51', 'FANCG', 'FANCB', 'MAD2L2', 'FANCD2', 'SLX4', 'FANCC', 'FANCF']",2.0,"[nan, nan, nan, nan, nan, nan, nan, nan, nan, nan, nan, nan, nan, nan, nan, 3.0, nan, nan, nan, nan, 3.0]",21.0,"[215.0, 207.0, 337.0, 329.0, 445.0, 283.0, 385.0, 235.0, 293.0, 251.0, 1.0, 95.0, 179.0, 189.0, 121.0, 345.0, 139.0, 1.0, 153.0, 1.0, 165.0]",13.0,23.0
46,FANCF,HGNC:3587,"['HGNC:1100', 'HGNC:3584', 'HGNC:26144', 'HGNC:25568', 'HGNC:12829', 'HGNC:9820', 'HGNC:23845', 'HGNC:3582', 'HGNC:3588', 'HGNC:25539', 'HGNC:25009', 'HGNC:3585', 'HGNC:23168', 'HGNC:6764', 'HGNC:1101', 'HGNC:9817', 'HGNC:3586', 'HGNC:20748', 'HGNC:20473', 'HGNC:3583', 'HGNC:3436']","['BRCA1', 'FANCC', 'PALB2', 'FANCI', 'XRCC2', 'RAD51C', 'SLX4', 'FANCA', 'FANCG', 'RFWD3', 'UBE2T', 'FANCD2', 'FANCM', 'MAD2L2', 'BRCA2', 'RAD51', 'FANCE', 'FANCL', 'BRIP1', 'FANCB', 'ERCC4']",2.0,"[nan, nan, nan, nan, nan, nan, nan, nan, nan, nan, nan, nan, nan, nan, nan, nan, 3.0, nan, nan, 1.0, nan]",21.0,"[399.0, 165.0, 225.0, 259.0, 27.0, 151.0, 53.0, 165.0, 23.0, 89.0, 19.0, 165.0, 51.0, 19.0, 327.0, 17.0, 165.0, 47.0, 47.0, 231.0, 423.0]",12.0,35.0
47,FANCG,HGNC:3588,"['HGNC:25009', 'HGNC:3436', 'HGNC:3587', 'HGNC:12829', 'HGNC:9817', 'HGNC:26144', 'HGNC:25539', 'HGNC:3585', 'HGNC:3582', 'HGNC:3584', 'HGNC:3586', 'HGNC:25568', 'HGNC:6764', 'HGNC:1101', 'HGNC:3583', 'HGNC:23168', 'HGNC:20473', 'HGNC:9820', 'HGNC:20748', 'HGNC:23845', 'HGNC:1100']","['UBE2T', 'ERCC4', 'FANCF', 'XRCC2', 'RAD51', 'PALB2', 'RFWD3', 'FANCD2', 'FANCA', 'FANCC', 'FANCE', 'FANCI', 'MAD2L2', 'BRCA2', 'FANCB', 'FANCM', 'BRIP1', 'RAD51C', 'FANCL', 'SLX4', 'BRCA1']",,"[nan, nan, nan, nan, nan, nan, nan, nan, nan, nan, nan, nan, nan, nan, nan, nan, nan, nan, nan, nan, nan]",21.0,"[41.0, 437.0, 23.0, 31.0, 25.0, 265.0, 119.0, 121.0, 121.0, 121.0, 121.0, 313.0, 15.0, 359.0, 245.0, 61.0, 77.0, 173.0, 77.0, 69.0, 383.0]",11.0,41.0
48,FANCI,HGNC:25568,"['HGNC:25009', 'HGNC:3584', 'HGNC:3582', 'HGNC:25539', 'HGNC:20473', 'HGNC:3585', 'HGNC:1101', 'HGNC:6764', 'HGNC:23168', 'HGNC:12829', 'HGNC:3588', 'HGNC:23845', 'HGNC:3586', 'HGNC:20748', 'HGNC:1100', 'HGNC:26144', 'HGNC:3587', 'HGNC:3436', 'HGNC:3583', 'HGNC:9817', 'HGNC:9820']","['UBE2T', 'FANCC', 'FANCA', 'RFWD3', 'BRIP1', 'FANCD2', 'BRCA2', 'MAD2L2', 'FANCM', 'XRCC2', 'FANCG', 'SLX4', 'FANCE', 'FANCL', 'BRCA1', 'PALB2', 'FANCF', 'ERCC4', 'FANCB', 'RAD51', 'RAD51C']",,"[nan, nan, nan, nan, nan, nan, nan, nan, nan, nan, nan, nan, nan, nan, nan, nan, nan, nan, nan, nan, nan]",21.0,"[249.0, 337.0, 337.0, 243.0, 279.0, 337.0, 401.0, 309.0, 319.0, 291.0, 313.0, 277.0, 337.0, 307.0, 419.0, 375.0, 259.0, 457.0, 379.0, 303.0, 365.0]",12.0,35.0
49,FANCL,HGNC:20748,"['HGNC:1101', 'HGNC:3587', 'HGNC:9820', 'HGNC:1100', 'HGNC:3436', 'HGNC:9817', 'HGNC:25539', 'HGNC:3585', 'HGNC:20473', 'HGNC:3584', 'HGNC:3586', 'HGNC:6764', 'HGNC:3588', 'HGNC:26144', 'HGNC:25009', 'HGNC:12829', 'HGNC:3583', 'HGNC:23845', 'HGNC:23168', 'HGNC:25568', 'HGNC:3582']","['BRCA2', 'FANCF', 'RAD51C', 'BRCA1', 'ERCC4', 'RAD51', 'RFWD3', 'FANCD2', 'BRIP1', 'FANCC', 'FANCE', 'MAD2L2', 'FANCG', 'PALB2', 'UBE2T', 'XRCC2', 'FANCB', 'SLX4', 'FANCM', 'FANCI', 'FANCA']",,"[nan, nan, nan, nan, nan, nan, nan, nan, nan, nan, nan, nan, nan, nan, nan, nan, nan, nan, nan, nan, nan]",21.0,"[373.0, 47.0, 199.0, 407.0, 421.0, 67.0, 163.0, 207.0, 109.0, 207.0, 207.0, 71.0, 77.0, 271.0, 65.0, 75.0, 223.0, 103.0, 113.0, 307.0, 207.0]",11.0,41.0
50,FANCM,HGNC:23168,"['HGNC:23845', 'HGNC:1100', 'HGNC:12829', 'HGNC:3436', 'HGNC:25568', 'HGNC:20748', 'HGNC:25009', 'HGNC:3587', 'HGNC:6764', 'HGNC:1101', 'HGNC:26144', 'HGNC:9817', 'HGNC:3588', 'HGNC:25539', 'HGNC:3583', 'HGNC:3584', 'HGNC:3586', 'HGNC:3585', 'HGNC:3582', 'HGNC:9820', 'HGNC:20473']","['SLX4', 'BRCA1', 'XRCC2', 'ERCC4', 'FANCI', 'FANCL', 'UBE2T', 'FANCF', 'MAD2L2', 'BRCA2', 'PALB2', 'RAD51', 'FANCG', 'RFWD3', 'FANCB', 'FANCC', 'FANCE', 'FANCD2', 'FANCA', 'RAD51C', 'BRIP1']",,"[nan, nan, nan, nan, nan, nan, nan, nan, nan, nan, nan, nan, nan, nan, nan, nan, nan, nan, nan, nan, nan]",21.0,"[129.0, 411.0, 13.0, 435.0, 319.0, 113.0, 77.0, 51.0, 77.0, 367.0, 317.0, 55.0, 61.0, 149.0, 303.0, 251.0, 251.0, 251.0, 251.0, 205.0, 133.0]",15.0,10.0
51,GGN,HGNC:18869,"['HGNC:3583', 'HGNC:3586', 'HGNC:3588', 'HGNC:3587']","['FANCB', 'FANCE', 'FANCG', 'FANCF']",4.0,"[85.0, 119.0, 82.0, 85.0]",,"[nan, nan, nan, nan]",,
52,GIN1,HGNC:25959,"['HGNC:3586', 'HGNC:3583', 'HGNC:3587']","['FANCE', 'FANCB', 'FANCF']",3.0,"[88.0, 74.0, 74.0]",,"[nan, nan, nan]",,
53,HERC2,HGNC:4868,['HGNC:20748'],['FANCL'],1.0,[73.0],,[nan],,
54,HUS1,HGNC:5309,"['HGNC:12829', 'HGNC:20473', 'HGNC:20748', 'HGNC:25568', 'HGNC:3583', 'HGNC:3584', 'HGNC:3585', 'HGNC:3586', 'HGNC:3587', 'HGNC:3588', 'HGNC:9817', 'HGNC:9820']","['XRCC2', 'BRIP1', 'FANCL', 'FANCI', 'FANCB', 'FANCC', 'FANCD2', 'FANCE', 'FANCF', 'FANCG', 'RAD51', 'RAD51C']",,"[nan, nan, nan, nan, nan, nan, nan, nan, nan, nan, nan, nan]",,"[nan, nan, nan, nan, nan, nan, nan, nan, nan, nan, nan, nan]",12.0,35.0
55,IFITM2,HGNC:5413,['HGNC:7532'],['MX1'],1.0,[81.0],,[nan],,
56,IFITM3,HGNC:5414,['HGNC:7532'],['MX1'],1.0,[72.0],,[nan],,
57,IFNL3,HGNC:18365,['HGNC:7532'],['MX1'],1.0,[112.0],,[nan],,
58,INIP,HGNC:24994,"['HGNC:3583', 'HGNC:3586', 'HGNC:3587']","['FANCB', 'FANCE', 'FANCF']",3.0,"[9.0, 19.0, 9.0]",,"[nan, nan, nan]",,
59,ISY1,HGNC:29201,"['HGNC:3586', 'HGNC:3587', 'HGNC:3583']","['FANCE', 'FANCF', 'FANCB']",3.0,"[95.0, 67.0, 67.0]",,"[nan, nan, nan]",,
60,LIG4,HGNC:6601,"['HGNC:6764', 'HGNC:1100', 'HGNC:20748']","['MAD2L2', 'BRCA1', 'FANCL']",,"[nan, nan, nan]",3.0,"[607.0, 594.0, 626.0]",,
61,MAD2L2,HGNC:6764,"['HGNC:3588', 'HGNC:25539', 'HGNC:23168', 'HGNC:3436', 'HGNC:3584', 'HGNC:9817', 'HGNC:20473', 'HGNC:23845', 'HGNC:1100', 'HGNC:20748', 'HGNC:25009', 'HGNC:25568', 'HGNC:1101', 'HGNC:3582', 'HGNC:3586', 'HGNC:26144', 'HGNC:3585', 'HGNC:12829', 'HGNC:9820', 'HGNC:3583', 'HGNC:3587']","['FANCG', 'RFWD3', 'FANCM', 'ERCC4', 'FANCC', 'RAD51', 'BRIP1', 'SLX4', 'BRCA1', 'FANCL', 'UBE2T', 'FANCI', 'BRCA2', 'FANCA', 'FANCE', 'PALB2', 'FANCD2', 'XRCC2', 'RAD51C', 'FANCB', 'FANCF']",,"[nan, nan, nan, nan, nan, nan, nan, nan, nan, nan, nan, nan, nan, nan, nan, nan, nan, nan, nan, nan, nan]",21.0,"[15.0, 137.0, 77.0, 431.0, 139.0, 31.0, 71.0, 85.0, 395.0, 71.0, 39.0, 309.0, 363.0, 139.0, 139.0, 273.0, 139.0, 57.0, 197.0, 275.0, 19.0]",,
62,MAGEC2,HGNC:13574,['HGNC:25568'],['FANCI'],1.0,[130.0],,[nan],,
63,MMS22L,HGNC:21475,"['HGNC:3587', 'HGNC:3583']","['FANCF', 'FANCB']",2.0,"[100.0, 100.0]",,"[nan, nan]",,
64,MUS81,HGNC:29814,"['HGNC:12829', 'HGNC:20748', 'HGNC:23168', 'HGNC:23845', 'HGNC:25568', 'HGNC:26144', 'HGNC:3436', 'HGNC:3583', 'HGNC:3584', 'HGNC:3586', 'HGNC:3587', 'HGNC:3588', 'HGNC:9820']","['XRCC2', 'FANCL', 'FANCM', 'SLX4', 'FANCI', 'PALB2', 'ERCC4', 'FANCB', 'FANCC', 'FANCE', 'FANCF', 'FANCG', 'RAD51C']",,"[nan, nan, nan, nan, nan, nan, nan, nan, nan, nan, nan, nan, nan]",,"[nan, nan, nan, nan, nan, nan, nan, nan, nan, nan, nan, nan, nan]",13.0,23.0
65,MX2,HGNC:7533,['HGNC:7532'],['MX1'],1.0,[105.0],,[nan],,
66,NIPBL,HGNC:28862,['HGNC:25568'],['FANCI'],,[nan],1.0,[560.0],,
67,NSD2,HGNC:12766,['HGNC:25568'],['FANCI'],,[nan],1.0,[565.0],,
68,NSMCE3,HGNC:7677,['HGNC:25568'],['FANCI'],1.0,[51.0],,[nan],,
69,NSMCE4A,HGNC:25935,"['HGNC:3586', 'HGNC:3583', 'HGNC:3587']","['FANCE', 'FANCB', 'FANCF']",3.0,"[88.0, 54.0, 54.0]",,"[nan, nan, nan]",,
70,NSUN2,HGNC:25994,"['HGNC:26144', 'HGNC:3588', 'HGNC:23845', 'HGNC:6764', 'HGNC:1100']","['PALB2', 'FANCG', 'SLX4', 'MAD2L2', 'BRCA1']",,"[nan, nan, nan, nan, nan]",5.0,"[618.0, 620.0, 602.0, 592.0, 523.0]",,
71,NYNRIN,HGNC:20165,"['HGNC:3586', 'HGNC:3587', 'HGNC:3583']","['FANCE', 'FANCF', 'FANCB']",3.0,"[88.0, 74.0, 74.0]",,"[nan, nan, nan]",,
72,OAS1,HGNC:8086,['HGNC:7532'],['MX1'],1.0,[60.0],,[nan],,
73,OAS3,HGNC:8088,['HGNC:7532'],['MX1'],1.0,[125.0],,[nan],,
74,OASL,HGNC:8090,['HGNC:7532'],['MX1'],1.0,[40.0],,[nan],,
75,PALB2,HGNC:26144,"['HGNC:3583', 'HGNC:20473', 'HGNC:1101', 'HGNC:3588', 'HGNC:1100', 'HGNC:23845', 'HGNC:20748', 'HGNC:3586', 'HGNC:3582', 'HGNC:3585', 'HGNC:25009', 'HGNC:9817', 'HGNC:9820', 'HGNC:3584', 'HGNC:12829', 'HGNC:6764', 'HGNC:25539', 'HGNC:3436', 'HGNC:25568', 'HGNC:3587', 'HGNC:23168']","['FANCB', 'BRIP1', 'BRCA2', 'FANCG', 'BRCA1', 'SLX4', 'FANCL', 'FANCE', 'FANCA', 'FANCD2', 'UBE2T', 'RAD51', 'RAD51C', 'FANCC', 'XRCC2', 'MAD2L2', 'RFWD3', 'ERCC4', 'FANCI', 'FANCF', 'FANCM']",,"[nan, nan, nan, nan, nan, nan, nan, nan, nan, nan, nan, nan, nan, nan, nan, nan, nan, nan, nan, nan, nan]",21.0,"[393.0, 107.0, 175.0, 265.0, 403.0, 247.0, 271.0, 329.0, 329.0, 329.0, 201.0, 203.0, 263.0, 329.0, 281.0, 273.0, 353.0, 455.0, 375.0, 225.0, 317.0]",13.0,23.0
76,PAXX,HGNC:27849,"['HGNC:3583', 'HGNC:3587', 'HGNC:3586']","['FANCB', 'FANCF', 'FANCE']",3.0,"[36.0, 36.0, 48.0]",,"[nan, nan, nan]",,
77,PCNA,HGNC:8729,"['HGNC:1101', 'HGNC:12829', 'HGNC:20473', 'HGNC:20748', 'HGNC:23168', 'HGNC:23845', 'HGNC:25009', 'HGNC:26144', 'HGNC:3582', 'HGNC:3586', 'HGNC:6764', 'HGNC:9817']","['BRCA2', 'XRCC2', 'BRIP1', 'FANCL', 'FANCM', 'SLX4', 'UBE2T', 'PALB2', 'FANCA', 'FANCE', 'MAD2L2', 'RAD51']",,"[nan, nan, nan, nan, nan, nan, nan, nan, nan, nan, nan, nan]",,"[nan, nan, nan, nan, nan, nan, nan, nan, nan, nan, nan, nan]",12.0,35.0
78,PGBD3,HGNC:19400,['HGNC:3436'],['ERCC4'],,[nan],1.0,[463.0],,
79,POLN,HGNC:18870,"['HGNC:1101', 'HGNC:20473', 'HGNC:20748', 'HGNC:23845', 'HGNC:25568', 'HGNC:26144', 'HGNC:3582', 'HGNC:3583', 'HGNC:3584', 'HGNC:3586', 'HGNC:3587', 'HGNC:3588', 'HGNC:9817']","['BRCA2', 'BRIP1', 'FANCL', 'SLX4', 'FANCI', 'PALB2', 'FANCA', 'FANCB', 'FANCC', 'FANCE', 'FANCF', 'FANCG', 'RAD51']",,"[nan, nan, nan, nan, nan, nan, nan, nan, nan, nan, nan, nan, nan]",,"[nan, nan, nan, nan, nan, nan, nan, nan, nan, nan, nan, nan, nan]",13.0,23.0
80,PWWP3A,HGNC:29641,"['HGNC:3587', 'HGNC:3586', 'HGNC:3583']","['FANCF', 'FANCE', 'FANCB']",3.0,"[32.0, 46.0, 32.0]",,"[nan, nan, nan]",,
81,RAD1,HGNC:9806,"['HGNC:12829', 'HGNC:20473', 'HGNC:20748', 'HGNC:23168', 'HGNC:25009', 'HGNC:25568', 'HGNC:3583', 'HGNC:3584', 'HGNC:3585', 'HGNC:3586', 'HGNC:3587', 'HGNC:3588', 'HGNC:9820']","['XRCC2', 'BRIP1', 'FANCL', 'FANCM', 'UBE2T', 'FANCI', 'FANCB', 'FANCC', 'FANCD2', 'FANCE', 'FANCF', 'FANCG', 'RAD51C']",,"[nan, nan, nan, nan, nan, nan, nan, nan, nan, nan, nan, nan, nan]",,"[nan, nan, nan, nan, nan, nan, nan, nan, nan, nan, nan, nan, nan]",13.0,23.0
82,RAD17,HGNC:9807,"['HGNC:1101', 'HGNC:12829', 'HGNC:20748', 'HGNC:23168', 'HGNC:25009', 'HGNC:25568', 'HGNC:3436', 'HGNC:3582', 'HGNC:3583', 'HGNC:3584', 'HGNC:3585', 'HGNC:3586', 'HGNC:3587', 'HGNC:3588', 'HGNC:9820']","['BRCA2', 'XRCC2', 'FANCL', 'FANCM', 'UBE2T', 'FANCI', 'ERCC4', 'FANCA', 'FANCB', 'FANCC', 'FANCD2', 'FANCE', 'FANCF', 'FANCG', 'RAD51C']",,"[nan, nan, nan, nan, nan, nan, nan, nan, nan, nan, nan, nan, nan, nan, nan]",,"[nan, nan, nan, nan, nan, nan, nan, nan, nan, nan, nan, nan, nan, nan, nan]",15.0,10.0
83,RAD21,HGNC:9811,['HGNC:25568'],['FANCI'],,[nan],1.0,[617.0],,
84,RAD51,HGNC:9817,"['HGNC:6764', 'HGNC:25009', 'HGNC:20473', 'HGNC:3436', 'HGNC:23168', 'HGNC:3588', 'HGNC:3587', 'HGNC:12829', 'HGNC:3582', 'HGNC:23845', 'HGNC:1101', 'HGNC:3583', 'HGNC:3585', 'HGNC:25568', 'HGNC:3586', 'HGNC:25539', 'HGNC:20748', 'HGNC:9820', 'HGNC:1100', 'HGNC:3584', 'HGNC:26144']","['MAD2L2', 'UBE2T', 'BRIP1', 'ERCC4', 'FANCM', 'FANCG', 'FANCF', 'XRCC2', 'FANCA', 'SLX4', 'BRCA2', 'FANCB', 'FANCD2', 'FANCI', 'FANCE', 'RFWD3', 'FANCL', 'RAD51C', 'BRCA1', 'FANCC', 'PALB2']",,"[nan, nan, nan, nan, nan, nan, nan, nan, nan, nan, nan, nan, nan, nan, nan, nan, nan, nan, nan, nan, nan]",21.0,"[31.0, 31.0, 45.0, 433.0, 55.0, 25.0, 17.0, 29.0, 189.0, 63.0, 325.0, 233.0, 189.0, 303.0, 189.0, 115.0, 67.0, 117.0, 397.0, 189.0, 203.0]",,
85,RAD51B,HGNC:9822,['HGNC:9820'],['RAD51C'],1.0,[34.0],,[nan],,
86,RAD51C,HGNC:9820,"['HGNC:3587', 'HGNC:9817', 'HGNC:3588', 'HGNC:3582', 'HGNC:12829', 'HGNC:25568', 'HGNC:3436', 'HGNC:6764', 'HGNC:3583', 'HGNC:20473', 'HGNC:1101', 'HGNC:25539', 'HGNC:23845', 'HGNC:3586', 'HGNC:25009', 'HGNC:23168', 'HGNC:3584', 'HGNC:26144', 'HGNC:3585', 'HGNC:20748', 'HGNC:1100']","['FANCF', 'RAD51', 'FANCG', 'FANCA', 'XRCC2', 'FANCI', 'ERCC4', 'MAD2L2', 'FANCB', 'BRIP1', 'BRCA2', 'RFWD3', 'SLX4', 'FANCE', 'UBE2T', 'FANCM', 'FANCC', 'PALB2', 'FANCD2', 'FANCL', 'BRCA1']",,"[nan, nan, nan, nan, nan, nan, nan, nan, nan, nan, nan, nan, nan, nan, nan, nan, nan, nan, nan, nan, nan]",21.0,"[151.0, 117.0, 173.0, 293.0, 177.0, 365.0, 443.0, 197.0, 323.0, 105.0, 301.0, 227.0, 161.0, 293.0, 147.0, 205.0, 293.0, 263.0, 293.0, 199.0, 369.0]",16.0,7.0
87,RAD51D,HGNC:9823,['HGNC:9820'],['RAD51C'],1.0,[94.0],,[nan],,
88,RAD54B,HGNC:17228,['HGNC:23168'],['FANCM'],1.0,[128.0],,[nan],,
89,RAD9A,HGNC:9827,"['HGNC:12829', 'HGNC:20473', 'HGNC:20748', 'HGNC:3583', 'HGNC:3584', 'HGNC:3586', 'HGNC:3587', 'HGNC:3588', 'HGNC:9820']","['XRCC2', 'BRIP1', 'FANCL', 'FANCB', 'FANCC', 'FANCE', 'FANCF', 'FANCG', 'RAD51C']",,"[nan, nan, nan, nan, nan, nan, nan, nan, nan]",,"[nan, nan, nan, nan, nan, nan, nan, nan, nan]",9.0,58.0
90,RBM23,HGNC:20155,"['HGNC:3583', 'HGNC:3587']","['FANCB', 'FANCF']",2.0,"[113.0, 113.0]",,"[nan, nan]",,
91,RBM8A,HGNC:9905,['HGNC:3588'],['FANCG'],,[nan],1.0,[621.0],,
92,RECQL4,HGNC:9949,"['HGNC:25009', 'HGNC:23845', 'HGNC:25568', 'HGNC:3586', 'HGNC:1100', 'HGNC:3584', 'HGNC:3587', 'HGNC:3583', 'HGNC:3582', 'HGNC:20473', 'HGNC:6764', 'HGNC:3585', 'HGNC:3436', 'HGNC:9820', 'HGNC:3588']","['UBE2T', 'SLX4', 'FANCI', 'FANCE', 'BRCA1', 'FANCC', 'FANCF', 'FANCB', 'FANCA', 'BRIP1', 'MAD2L2', 'FANCD2', 'ERCC4', 'RAD51C', 'FANCG']",,"[nan, nan, nan, nan, nan, nan, nan, nan, nan, nan, nan, nan, nan, nan, nan]",15.0,"[574.0, 506.0, 507.0, 525.0, 485.0, 525.0, 622.0, 561.0, 525.0, 606.0, 559.0, 525.0, 601.0, 531.0, 542.0]",,
93,RECQL5,HGNC:9950,['HGNC:9817'],['RAD51'],1.0,[125.0],,[nan],,
94,REXO1L1P,HGNC:24660,"['HGNC:3587', 'HGNC:3583']","['FANCF', 'FANCB']",2.0,"[98.0, 98.0]",,"[nan, nan]",,
95,RFC2,HGNC:9970,"['HGNC:1101', 'HGNC:12829', 'HGNC:20473', 'HGNC:20748', 'HGNC:25009', 'HGNC:25568', 'HGNC:26144', 'HGNC:3436', 'HGNC:3582', 'HGNC:3583', 'HGNC:3584', 'HGNC:3586', 'HGNC:3587', 'HGNC:3588', 'HGNC:6764']","['BRCA2', 'XRCC2', 'BRIP1', 'FANCL', 'UBE2T', 'FANCI', 'PALB2', 'ERCC4', 'FANCA', 'FANCB', 'FANCC', 'FANCE', 'FANCF', 'FANCG', 'MAD2L2']",,"[nan, nan, nan, nan, nan, nan, nan, nan, nan, nan, nan, nan, nan, nan, nan]",,"[nan, nan, nan, nan, nan, nan, nan, nan, nan, nan, nan, nan, nan, nan, nan]",15.0,10.0
96,RFC3,HGNC:9971,"['HGNC:1100', 'HGNC:1101', 'HGNC:12829', 'HGNC:20748', 'HGNC:25009', 'HGNC:25568', 'HGNC:26144', 'HGNC:3436', 'HGNC:3582', 'HGNC:3583', 'HGNC:3584', 'HGNC:3586', 'HGNC:3587', 'HGNC:6764']","['BRCA1', 'BRCA2', 'XRCC2', 'FANCL', 'UBE2T', 'FANCI', 'PALB2', 'ERCC4', 'FANCA', 'FANCB', 'FANCC', 'FANCE', 'FANCF', 'MAD2L2']",,"[nan, nan, nan, nan, nan, nan, nan, nan, nan, nan, nan, nan, nan, nan]",,"[nan, nan, nan, nan, nan, nan, nan, nan, nan, nan, nan, nan, nan, nan]",14.0,18.0
97,RFC4,HGNC:9972,"['HGNC:12829', 'HGNC:20473', 'HGNC:20748', 'HGNC:25009', 'HGNC:25568', 'HGNC:26144', 'HGNC:3583', 'HGNC:3584', 'HGNC:3586', 'HGNC:3587', 'HGNC:3588', 'HGNC:6764', 'HGNC:9820']","['XRCC2', 'BRIP1', 'FANCL', 'UBE2T', 'FANCI', 'PALB2', 'FANCB', 'FANCC', 'FANCE', 'FANCF', 'FANCG', 'MAD2L2', 'RAD51C']",,"[nan, nan, nan, nan, nan, nan, nan, nan, nan, nan, nan, nan, nan]",,"[nan, nan, nan, nan, nan, nan, nan, nan, nan, nan, nan, nan, nan]",13.0,23.0
98,RFC5,HGNC:9973,"['HGNC:12829', 'HGNC:20748', 'HGNC:25009', 'HGNC:25568', 'HGNC:26144', 'HGNC:3583', 'HGNC:3584', 'HGNC:3585', 'HGNC:3586', 'HGNC:3587', 'HGNC:3588', 'HGNC:6764', 'HGNC:9820']","['XRCC2', 'FANCL', 'UBE2T', 'FANCI', 'PALB2', 'FANCB', 'FANCC', 'FANCD2', 'FANCE', 'FANCF', 'FANCG', 'MAD2L2', 'RAD51C']",,"[nan, nan, nan, nan, nan, nan, nan, nan, nan, nan, nan, nan, nan]",,"[nan, nan, nan, nan, nan, nan, nan, nan, nan, nan, nan, nan, nan]",13.0,23.0
99,RFWD3,HGNC:25539,"['HGNC:3586', 'HGNC:23845', 'HGNC:6764', 'HGNC:25009', 'HGNC:3588', 'HGNC:3582', 'HGNC:3585', 'HGNC:3584', 'HGNC:23168', 'HGNC:25568', 'HGNC:3583', 'HGNC:26144', 'HGNC:1100', 'HGNC:1101', 'HGNC:3587', 'HGNC:3436', 'HGNC:9817', 'HGNC:20473', 'HGNC:9820', 'HGNC:12829', 'HGNC:20748']","['FANCE', 'SLX4', 'MAD2L2', 'UBE2T', 'FANCG', 'FANCA', 'FANCD2', 'FANCC', 'FANCM', 'FANCI', 'FANCB', 'PALB2', 'BRCA1', 'BRCA2', 'FANCF', 'ERCC4', 'RAD51', 'BRIP1', 'RAD51C', 'XRCC2', 'FANCL']",,"[nan, nan, nan, nan, nan, nan, nan, nan, nan, nan, nan, nan, nan, nan, nan, nan, nan, nan, nan, nan, nan]",21.0,"[283.0, 135.0, 137.0, 131.0, 119.0, 283.0, 283.0, 283.0, 149.0, 243.0, 311.0, 353.0, 415.0, 371.0, 89.0, 439.0, 115.0, 187.0, 227.0, 111.0, 163.0]",,
100,RMI1,HGNC:25764,"['HGNC:1101', 'HGNC:12829', 'HGNC:20473', 'HGNC:20748', 'HGNC:23168', 'HGNC:23845', 'HGNC:25009', 'HGNC:26144', 'HGNC:3436', 'HGNC:3582', 'HGNC:3583', 'HGNC:3584', 'HGNC:3585', 'HGNC:3586', 'HGNC:3587', 'HGNC:3588', 'HGNC:9820']","['BRCA2', 'XRCC2', 'BRIP1', 'FANCL', 'FANCM', 'SLX4', 'UBE2T', 'PALB2', 'ERCC4', 'FANCA', 'FANCB', 'FANCC', 'FANCD2', 'FANCE', 'FANCF', 'FANCG', 'RAD51C']",,"[nan, nan, nan, nan, nan, nan, nan, nan, nan, nan, nan, nan, nan, nan, nan, nan, nan]",,"[nan, nan, nan, nan, nan, nan, nan, nan, nan, nan, nan, nan, nan, nan, nan, nan, nan]",17.0,5.0
101,RNF180,HGNC:27752,['HGNC:25568'],['FANCI'],1.0,[78.0],,[nan],,
102,RPA1,HGNC:10289,"['HGNC:1101', 'HGNC:12829', 'HGNC:20473', 'HGNC:20748', 'HGNC:23168', 'HGNC:23845', 'HGNC:25009', 'HGNC:25539', 'HGNC:25568', 'HGNC:3436', 'HGNC:3582', 'HGNC:3583', 'HGNC:3584', 'HGNC:3585', 'HGNC:3586', 'HGNC:3587', 'HGNC:3588', 'HGNC:6764', 'HGNC:9817', 'HGNC:9820']","['BRCA2', 'XRCC2', 'BRIP1', 'FANCL', 'FANCM', 'SLX4', 'UBE2T', 'RFWD3', 'FANCI', 'ERCC4', 'FANCA', 'FANCB', 'FANCC', 'FANCD2', 'FANCE', 'FANCF', 'FANCG', 'MAD2L2', 'RAD51', 'RAD51C']",,"[nan, nan, nan, nan, nan, nan, nan, nan, nan, nan, nan, nan, nan, nan, nan, nan, nan, nan, nan, nan]",,"[nan, nan, nan, nan, nan, nan, nan, nan, nan, nan, nan, nan, nan, nan, nan, nan, nan, nan, nan, nan]",20.0,1.0
103,RPA2,HGNC:10290,"['HGNC:12829', 'HGNC:20473', 'HGNC:20748', 'HGNC:23168', 'HGNC:25009', 'HGNC:25539', 'HGNC:26144', 'HGNC:3582', 'HGNC:3583', 'HGNC:3584', 'HGNC:3586', 'HGNC:3587', 'HGNC:3588', 'HGNC:6764', 'HGNC:9820']","['XRCC2', 'BRIP1', 'FANCL', 'FANCM', 'UBE2T', 'RFWD3', 'PALB2', 'FANCA', 'FANCB', 'FANCC', 'FANCE', 'FANCF', 'FANCG', 'MAD2L2', 'RAD51C']",,"[nan, nan, nan, nan, nan, nan, nan, nan, nan, nan, nan, nan, nan, nan, nan]",,"[nan, nan, nan, nan, nan, nan, nan, nan, nan, nan, nan, nan, nan, nan, nan]",15.0,10.0
104,RPA3,HGNC:10291,"['HGNC:12829', 'HGNC:20473', 'HGNC:20748', 'HGNC:23168', 'HGNC:25009', 'HGNC:25539', 'HGNC:26144', 'HGNC:3582', 'HGNC:3583', 'HGNC:3584', 'HGNC:3586', 'HGNC:3587', 'HGNC:3588', 'HGNC:6764', 'HGNC:9820']","['XRCC2', 'BRIP1', 'FANCL', 'FANCM', 'UBE2T', 'RFWD3', 'PALB2', 'FANCA', 'FANCB', 'FANCC', 'FANCE', 'FANCF', 'FANCG', 'MAD2L2', 'RAD51C']",,"[nan, nan, nan, nan, nan, nan, nan, nan, nan, nan, nan, nan, nan, nan, nan]",,"[nan, nan, nan, nan, nan, nan, nan, nan, nan, nan, nan, nan, nan, nan, nan]",15.0,10.0
105,RPS27A,HGNC:10417,"['HGNC:1100', 'HGNC:1101', 'HGNC:12829', 'HGNC:20473', 'HGNC:20748', 'HGNC:23168', 'HGNC:23845', 'HGNC:25009', 'HGNC:25568', 'HGNC:26144', 'HGNC:3436', 'HGNC:3582', 'HGNC:3583', 'HGNC:3584', 'HGNC:3585', 'HGNC:3586', 'HGNC:3587', 'HGNC:3588', 'HGNC:6764', 'HGNC:9820']","['BRCA1', 'BRCA2', 'XRCC2', 'BRIP1', 'FANCL', 'FANCM', 'SLX4', 'UBE2T', 'FANCI', 'PALB2', 'ERCC4', 'FANCA', 'FANCB', 'FANCC', 'FANCD2', 'FANCE', 'FANCF', 'FANCG', 'MAD2L2', 'RAD51C']",,"[nan, nan, nan, nan, nan, nan, nan, nan, nan, nan, nan, nan, nan, nan, nan, nan, nan, nan, nan, nan]",,"[nan, nan, nan, nan, nan, nan, nan, nan, nan, nan, nan, nan, nan, nan, nan, nan, nan, nan, nan, nan]",20.0,1.0
106,RTEL1,HGNC:15888,['HGNC:9817'],['RAD51'],1.0,[123.0],,[nan],,
107,SALL1,HGNC:10524,"['HGNC:25568', 'HGNC:20748', 'HGNC:9817', 'HGNC:25539', 'HGNC:3587', 'HGNC:3588', 'HGNC:25009', 'HGNC:12829']","['FANCI', 'FANCL', 'RAD51', 'RFWD3', 'FANCF', 'FANCG', 'UBE2T', 'XRCC2']",,"[nan, nan, nan, nan, nan, nan, nan, nan]",8.0,"[503.0, 522.0, 600.0, 536.0, 586.0, 613.0, 556.0, 587.0]",,
108,SALL4,HGNC:15924,['HGNC:25568'],['FANCI'],,[nan],1.0,[504.0],,
109,SEMA3E,HGNC:10727,"['HGNC:25568', 'HGNC:3583', 'HGNC:20473', 'HGNC:3587', 'HGNC:25539', 'HGNC:20748', 'HGNC:3582', 'HGNC:3585', 'HGNC:23845', 'HGNC:9820', 'HGNC:26144', 'HGNC:6764', 'HGNC:3588', 'HGNC:3586', 'HGNC:3584', 'HGNC:1101', 'HGNC:12829', 'HGNC:23168', 'HGNC:1100', 'HGNC:25009', 'HGNC:9817']","['FANCI', 'FANCB', 'BRIP1', 'FANCF', 'RFWD3', 'FANCL', 'FANCA', 'FANCD2', 'SLX4', 'RAD51C', 'PALB2', 'MAD2L2', 'FANCG', 'FANCE', 'FANCC', 'BRCA2', 'XRCC2', 'FANCM', 'BRCA1', 'UBE2T', 'RAD51']",,"[nan, nan, nan, nan, nan, nan, nan, nan, nan, nan, nan, nan, nan, nan, nan, nan, nan, nan, nan, nan, nan]",21.0,"[468.0, 469.0, 482.0, 483.0, 472.0, 471.0, 475.0, 475.0, 479.0, 480.0, 496.0, 487.0, 486.0, 475.0, 475.0, 498.0, 474.0, 481.0, 500.0, 473.0, 484.0]",,
110,SETD5,HGNC:25566,['HGNC:25568'],['FANCI'],,[nan],1.0,[578.0],,
111,SF3B4,HGNC:10771,"['HGNC:3583', 'HGNC:20748']","['FANCB', 'FANCL']",,"[nan, nan]",2.0,"[509.0, 587.0]",,
112,SHPRH,HGNC:19336,['HGNC:25009'],['UBE2T'],1.0,[87.0],,[nan],,
113,SLX1A,HGNC:20922,['HGNC:23845'],['SLX4'],1.0,[18.0],,[nan],,
114,SLX4,HGNC:23845,"['HGNC:1101', 'HGNC:3584', 'HGNC:25009', 'HGNC:3587', 'HGNC:1100', 'HGNC:3583', 'HGNC:12829', 'HGNC:25539', 'HGNC:20473', 'HGNC:3436', 'HGNC:6764', 'HGNC:9817', 'HGNC:3588', 'HGNC:25568', 'HGNC:20748', 'HGNC:26144', 'HGNC:3582', 'HGNC:3586', 'HGNC:3585', 'HGNC:23168', 'HGNC:9820']","['BRCA2', 'FANCC', 'UBE2T', 'FANCF', 'BRCA1', 'FANCB', 'XRCC2', 'RFWD3', 'BRIP1', 'ERCC4', 'MAD2L2', 'RAD51', 'FANCG', 'FANCI', 'FANCL', 'PALB2', 'FANCA', 'FANCE', 'FANCD2', 'FANCM', 'RAD51C']",,"[nan, nan, nan, nan, nan, nan, nan, nan, nan, nan, nan, nan, nan, nan, nan, nan, nan, nan, nan, nan, nan]",21.0,"[361.0, 153.0, 37.0, 53.0, 381.0, 269.0, 91.0, 135.0, 87.0, 425.0, 85.0, 63.0, 69.0, 277.0, 103.0, 247.0, 153.0, 153.0, 153.0, 129.0, 161.0]",13.0,23.0
115,SMC1A,HGNC:11111,['HGNC:25568'],['FANCI'],,[nan],1.0,[576.0],,
116,SPRTN,HGNC:25356,['HGNC:25568'],['FANCI'],1.0,[43.0],,[nan],,
117,STK31,HGNC:11407,['HGNC:25009'],['UBE2T'],1.0,[129.0],,[nan],,
118,SWI5,HGNC:31412,"['HGNC:3587', 'HGNC:3583', 'HGNC:3586']","['FANCF', 'FANCB', 'FANCE']",3.0,"[44.0, 44.0, 60.0]",,"[nan, nan, nan]",,
119,SWSAP1,HGNC:26638,"['HGNC:3583', 'HGNC:3587']","['FANCB', 'FANCF']",2.0,"[106.0, 106.0]",,"[nan, nan]",,
120,TBX1,HGNC:11592,"['HGNC:20748', 'HGNC:25009', 'HGNC:3583']","['FANCL', 'UBE2T', 'FANCB']",,"[nan, nan, nan]",3.0,"[619.0, 624.0, 591.0]",,
121,TDP1,HGNC:18884,"['HGNC:3583', 'HGNC:3587']","['FANCB', 'FANCF']",2.0,"[100.0, 100.0]",,"[nan, nan]",,
122,TOP3A,HGNC:11992,"['HGNC:1101', 'HGNC:12829', 'HGNC:20473', 'HGNC:20748', 'HGNC:23168', 'HGNC:23845', 'HGNC:25009', 'HGNC:26144', 'HGNC:3583', 'HGNC:3584', 'HGNC:3586', 'HGNC:3587', 'HGNC:3588', 'HGNC:9820']","['BRCA2', 'XRCC2', 'BRIP1', 'FANCL', 'FANCM', 'SLX4', 'UBE2T', 'PALB2', 'FANCB', 'FANCC', 'FANCE', 'FANCF', 'FANCG', 'RAD51C']",,"[nan, nan, nan, nan, nan, nan, nan, nan, nan, nan, nan, nan, nan, nan]",,"[nan, nan, nan, nan, nan, nan, nan, nan, nan, nan, nan, nan, nan, nan]",14.0,18.0
123,TOPBP1,HGNC:17008,"['HGNC:12829', 'HGNC:20473', 'HGNC:20748', 'HGNC:23168', 'HGNC:23845', 'HGNC:25009', 'HGNC:25568', 'HGNC:3436', 'HGNC:3582', 'HGNC:3583', 'HGNC:3584', 'HGNC:3585', 'HGNC:3586', 'HGNC:3587', 'HGNC:3588', 'HGNC:9820']","['XRCC2', 'BRIP1', 'FANCL', 'FANCM', 'SLX4', 'UBE2T', 'FANCI', 'ERCC4', 'FANCA', 'FANCB', 'FANCC', 'FANCD2', 'FANCE', 'FANCF', 'FANCG', 'RAD51C']",,"[nan, nan, nan, nan, nan, nan, nan, nan, nan, nan, nan, nan, nan, nan, nan, nan]",,"[nan, nan, nan, nan, nan, nan, nan, nan, nan, nan, nan, nan, nan, nan, nan, nan]",16.0,7.0
124,TRIP13,HGNC:12307,"['HGNC:9817', 'HGNC:3587', 'HGNC:3588', 'HGNC:25539']","['RAD51', 'FANCF', 'FANCG', 'RFWD3']",,"[nan, nan, nan, nan]",4.0,"[597.0, 580.0, 581.0, 541.0]",,
125,UBA1,HGNC:12469,['HGNC:25009'],['UBE2T'],1.0,[93.0],,[nan],,
126,UBA52,HGNC:12458,"['HGNC:11892', 'HGNC:12829', 'HGNC:20473', 'HGNC:20748', 'HGNC:23168', 'HGNC:25009', 'HGNC:26144', 'HGNC:3436', 'HGNC:3583', 'HGNC:3584', 'HGNC:3586', 'HGNC:3587', 'HGNC:3588', 'HGNC:6764', 'HGNC:9820']","['TNF', 'XRCC2', 'BRIP1', 'FANCL', 'FANCM', 'UBE2T', 'PALB2', 'ERCC4', 'FANCB', 'FANCC', 'FANCE', 'FANCF', 'FANCG', 'MAD2L2', 'RAD51C']",,"[nan, nan, nan, nan, nan, nan, nan, nan, nan, nan, nan, nan, nan, nan, nan]",,"[nan, nan, nan, nan, nan, nan, nan, nan, nan, nan, nan, nan, nan, nan, nan]",15.0,10.0
127,UBB,HGNC:12463,"['HGNC:12829', 'HGNC:20473', 'HGNC:20748', 'HGNC:23168', 'HGNC:23845', 'HGNC:25009', 'HGNC:25568', 'HGNC:26144', 'HGNC:3583', 'HGNC:3584', 'HGNC:3586', 'HGNC:3587', 'HGNC:3588', 'HGNC:6764']","['XRCC2', 'BRIP1', 'FANCL', 'FANCM', 'SLX4', 'UBE2T', 'FANCI', 'PALB2', 'FANCB', 'FANCC', 'FANCE', 'FANCF', 'FANCG', 'MAD2L2']",,"[nan, nan, nan, nan, nan, nan, nan, nan, nan, nan, nan, nan, nan, nan]",,"[nan, nan, nan, nan, nan, nan, nan, nan, nan, nan, nan, nan, nan, nan]",14.0,18.0
128,UBC,HGNC:12468,"['HGNC:1101', 'HGNC:12829', 'HGNC:20473', 'HGNC:20748', 'HGNC:23168', 'HGNC:23845', 'HGNC:25009', 'HGNC:25568', 'HGNC:26144', 'HGNC:3436', 'HGNC:3582', 'HGNC:3583', 'HGNC:3584', 'HGNC:3585', 'HGNC:3586', 'HGNC:3587', 'HGNC:3588', 'HGNC:6764', 'HGNC:9820']","['BRCA2', 'XRCC2', 'BRIP1', 'FANCL', 'FANCM', 'SLX4', 'UBE2T', 'FANCI', 'PALB2', 'ERCC4', 'FANCA', 'FANCB', 'FANCC', 'FANCD2', 'FANCE', 'FANCF', 'FANCG', 'MAD2L2', 'RAD51C']",,"[nan, nan, nan, nan, nan, nan, nan, nan, nan, nan, nan, nan, nan, nan, nan, nan, nan, nan, nan]",,"[nan, nan, nan, nan, nan, nan, nan, nan, nan, nan, nan, nan, nan, nan, nan, nan, nan, nan, nan]",19.0,3.0
129,UBE2D4,HGNC:21647,['HGNC:25009'],['UBE2T'],1.0,[35.0],,[nan],,
130,UBE2E3,HGNC:12479,['HGNC:25009'],['UBE2T'],1.0,[59.0],,[nan],,
131,UBE2F,HGNC:12480,['HGNC:25009'],['UBE2T'],1.0,[104.0],,[nan],,
132,UBE2G1,HGNC:12482,['HGNC:25009'],['UBE2T'],1.0,[50.0],,[nan],,
133,UBE2H,HGNC:12484,['HGNC:25009'],['UBE2T'],1.0,[120.0],,[nan],,
134,UBE2Q2,HGNC:19248,['HGNC:25009'],['UBE2T'],1.0,[66.0],,[nan],,
135,UBE2QL1,HGNC:37269,['HGNC:25009'],['UBE2T'],1.0,[56.0],,[nan],,
136,UBE2R2,HGNC:19907,['HGNC:25009'],['UBE2T'],1.0,[47.0],,[nan],,
137,UBE2T,HGNC:25009,"['HGNC:9817', 'HGNC:20473', 'HGNC:3436', 'HGNC:1101', 'HGNC:3587', 'HGNC:23845', 'HGNC:26144', 'HGNC:3585', 'HGNC:3586', 'HGNC:20748', 'HGNC:12829', 'HGNC:3584', 'HGNC:3582', 'HGNC:23168', 'HGNC:25568', 'HGNC:3583', 'HGNC:9820', 'HGNC:3588', 'HGNC:25539', 'HGNC:6764', 'HGNC:1100']","['RAD51', 'BRIP1', 'ERCC4', 'BRCA2', 'FANCF', 'SLX4', 'PALB2', 'FANCD2', 'FANCE', 'FANCL', 'XRCC2', 'FANCC', 'FANCA', 'FANCM', 'FANCI', 'FANCB', 'RAD51C', 'FANCG', 'RFWD3', 'MAD2L2', 'BRCA1']",,"[nan, nan, nan, nan, nan, nan, nan, nan, nan, nan, nan, nan, nan, nan, nan, nan, nan, nan, nan, nan, nan]",21.0,"[31.0, 43.0, 427.0, 321.0, 19.0, 37.0, 201.0, 95.0, 95.0, 65.0, 57.0, 95.0, 95.0, 77.0, 249.0, 261.0, 147.0, 41.0, 131.0, 39.0, 377.0]",11.0,41.0
138,UBE2W,HGNC:25616,['HGNC:25009'],['UBE2T'],1.0,[49.0],,[nan],,
139,UBOX5,HGNC:17777,['HGNC:20748'],['FANCL'],1.0,[127.0],,[nan],,
140,USP1,HGNC:12607,"['HGNC:1101', 'HGNC:20748', 'HGNC:23168', 'HGNC:23845', 'HGNC:3436', 'HGNC:3582', 'HGNC:3583', 'HGNC:3584', 'HGNC:3585', 'HGNC:3586', 'HGNC:3587']","['BRCA2', 'FANCL', 'FANCM', 'SLX4', 'ERCC4', 'FANCA', 'FANCB', 'FANCC', 'FANCD2', 'FANCE', 'FANCF']",,"[nan, nan, nan, nan, nan, nan, nan, nan, nan, nan, nan]",,"[nan, nan, nan, nan, nan, nan, nan, nan, nan, nan, nan]",11.0,41.0
141,UVSSA,HGNC:29304,"['HGNC:3583', 'HGNC:3587']","['FANCB', 'FANCF']",2.0,"[121.0, 121.0]",,"[nan, nan]",,
142,WDR48,HGNC:30914,"['HGNC:20748', 'HGNC:23168', 'HGNC:23845', 'HGNC:25568', 'HGNC:3436', 'HGNC:3582', 'HGNC:3583', 'HGNC:3584', 'HGNC:3586', 'HGNC:3587', 'HGNC:9817']","['FANCL', 'FANCM', 'SLX4', 'FANCI', 'ERCC4', 'FANCA', 'FANCB', 'FANCC', 'FANCE', 'FANCF', 'RAD51']",,"[nan, nan, nan, nan, nan, nan, nan, nan, nan, nan, nan]",,"[nan, nan, nan, nan, nan, nan, nan, nan, nan, nan, nan]",11.0,41.0
143,XRCC2,HGNC:12829,"['HGNC:25568', 'HGNC:20748', 'HGNC:3436', 'HGNC:3586', 'HGNC:25009', 'HGNC:1100', 'HGNC:23845', 'HGNC:20473', 'HGNC:9817', 'HGNC:3585', 'HGNC:3582', 'HGNC:3584', 'HGNC:1101', 'HGNC:3588', 'HGNC:26144', 'HGNC:3587', 'HGNC:25539', 'HGNC:23168', 'HGNC:3583', 'HGNC:9820', 'HGNC:6764']","['FANCI', 'FANCL', 'ERCC4', 'FANCE', 'UBE2T', 'BRCA1', 'SLX4', 'BRIP1', 'RAD51', 'FANCD2', 'FANCA', 'FANCC', 'BRCA2', 'FANCG', 'PALB2', 'FANCF', 'RFWD3', 'FANCM', 'FANCB', 'RAD51C', 'MAD2L2']",,"[nan, nan, nan, nan, nan, nan, nan, nan, nan, nan, nan, nan, nan, nan, nan, nan, nan, nan, nan, nan, nan]",21.0,"[291.0, 75.0, 429.0, 215.0, 57.0, 409.0, 91.0, 93.0, 29.0, 215.0, 215.0, 215.0, 357.0, 31.0, 281.0, 27.0, 111.0, 13.0, 265.0, 177.0, 57.0]",,
144,XRCC3,HGNC:12830,"['HGNC:1101', 'HGNC:12829', 'HGNC:20473', 'HGNC:23845', 'HGNC:26144', 'HGNC:3436', 'HGNC:3582', 'HGNC:3585', 'HGNC:3588', 'HGNC:9820']","['BRCA2', 'XRCC2', 'BRIP1', 'SLX4', 'PALB2', 'ERCC4', 'FANCA', 'FANCD2', 'FANCG', 'RAD51C']",,"[nan, nan, nan, nan, nan, nan, nan, nan, nan, nan]",,"[nan, nan, nan, nan, nan, nan, nan, nan, nan, nan]",10.0,51.0
145,ZFP42,HGNC:30949,['HGNC:3582'],['FANCA'],1.0,[124.0],,[nan],,
146,ZSWIM7,HGNC:26993,"['HGNC:3583', 'HGNC:3586', 'HGNC:3587']","['FANCB', 'FANCE', 'FANCF']",3.0,"[52.0, 78.0, 52.0]",,"[nan, nan, nan]",,
